Computer Science,Engineering
Cognitive Science,Social Science
Math Econ,Social Science
Civil Engineering,Engineering
Electrical Engineering,Engineering
Mechanical Engineering,Engineering
CHBE,Engineering
Bioengineering,Engineering
Math,Natural Science
Physics,Natural Science
Kinesiology,Natural Science
Sports Management,Social Science
Neuroscience,Natural Science
Linguistics,Social Science
ECON,Social Science
SOPA,Social Science
Chemistry,Natural Science
Philosophy,Humanities
Sociology,Social Science
History,Humanities
VADA,Humanities
Psychology,Social Science
Architecture,Architecture
Music,Music